Ef,,0.4841,0.6765,0.816,0.8048,0.792,0.7112,0.6063,0.532,0.54777,0.56296,0.78615,0.5591,0.8243,0.56295,0.47067,0.63149,0.77400497,0.51607,0.6248,0.65704,0.70236,0.680169,0.75433,0.717318,0.66487,0.72509,0.75877,0.71313,0.77083,0.731578,0.715193,0.4146,0.596113,0.6023
Ef : Fermi Energy - max energy occupied by electrons : Potentially could align spectra so Ef all in same row as alternate approach,,,,,,,,,,,,,,,,,,,,,,,,,,,,,,,,,,,
Label is chemistry and structure : eg. Sc W(A2) is Sc in the W(A2) structure,,,,,,,,,,,,,,,,,,,,,,,,,,,,,,,,,,,
,,,,,,,,,,,,,,,,,,,,,,,,,,,,,,,,,,,
,,Sc W(A2),Ti  W(A2),V W(A2),Cr W(A2),Fe W(A2),Co W(A2),Ni W(A2),Cu W(A2),Zn Mg(A3),CuZn CsCl (B2),Zr W (A2),Zr Mg (A3),Nb W(A2),Ag W(A2),"TiAl, NaCl (B1)  ","TiAl, CsCl (B2)",CoTi CsCl(B2),Al Cu(A1),"Ni3Al, Cu3Au (L12)","NiAl, CsCl(B2)","CoAl, CsCl (B2)",Co3Al Cu3Au(L12),"Fe3Ni, Cu3Au(L12)","FeNi, AuCu(L10)","FeNi3, AuCu3(L12)",Pd Cu(A1),"FePd, AuCu(L10)","FePd3, AuCu3(L12)","Fe3Pd, AuCu3(L12)","VNi3, SnNi3(DO19)","NiTi, CsCl(B2)",Be Mg(A3),Be3Co D03(cF16),TiAl AuCu(L10)
,,,,,,,,,,,,,,,,,,,,,,,,,,,,,,,,,,,
,,,,,,,,,,,,,,,,,,,,,,,,,,,,,,,,,,,
-0.29,,,,,,,,,,,,,,,,,,,0.00702,,,,,,,,,,,,,,1.0464,,
-0.284,,,,,,,,,,,,,,,,,,,0.2131,,,,,,,,,,,,,,1.10258,,
-0.278,,,,,,,,,,,,,,,,,,,0.28367,,,,,,,,,,,,,,1.1636,,
-0.272,,,,,,,,,,,,,,,,,,,0.39935,,,,,,,,,,,,,,1.23687,,
-0.266,,,,,,,,,,,,,,,,,,,0.4427,,,,,,,,,,,,,,1.3078,,
-0.26,,,,,,,,,,,,,,,,,,,0.4938,,,,,,,,,,,,,,1.3485,,
-0.254,,,,,,,,,,,,,,,,,,,0.55144,,,,,,,,,,,,,,1.3957,,
-0.248,,,,,,,,,,,,,,,,,,,0.61721,,,,,,,,,,,,,,1.4458,,
-0.242,,,,,,,,,,,,,,,,,,,0.64135,,,,,,,,,,,,,,1.49415,,
-0.236,,,,,,,,,,0.001,,,,,,,,,0.67844,,,,,,,,,,,,,,1.5423,,
-0.23,,,,,,,,,,0.1877,,,,,,,,,0.71749,,,,,,,,,,,,,,1.6019,,
-0.224,,,,,,,,,,0.4915,,,,,,,,,0.75874,,,,,,,,,,,,,,1.65755,,
-0.218,,,,,,,,,,0.54717,,,,,,,,,0.80435,,,,,,,,,,,,,,1.6851,,
-0.212,,,,,,,,,,0.73732,,,,,,,,,0.83337,,,,,,,,,,,,,,1.71708,,
-0.206,,,,,,,,,,0.87842,,,,,,,,,0.857908,,,,,,,,,,,,,,1.7615,,
-0.2,,,,,,,,,,0.87959,,,,,,,,,0.88633,,,,,,,,,,,,,,1.799522,,
-0.194,,,,,,,,,,0.9895,,,,,,,,,0.91868,,,,,,,,,,,,,,1.844697,,
-0.188,,,,,,,,,,1.0966,,,,,,,,,0.95069,,,,,,,,,,,,,,1.8955,,
-0.182,,,,,,,,,,1.2259,,,,,,,,,0.9829,,,,,,,,,,,,,,1.93508,,
-0.176,,,,,,,,,,1.2955,0.0847,,,,,,,,1.0177,,,,,,,,,,,,,,1.98348,,
-0.17,,,,,,,,,,1.3666,0.3603,,,,,,,,1.03699,,,,,,,,,,,,,,2.0101,,
-0.164,,,,,,,,,,1.4503,0.53163,,,,,,,,1.062,,,,,,,,,,,,,,2.039,,
-0.158,,,,,,,,,,1.55499,0.55094,,,,,,,,1.086,,,,,,,,,,,,,,2.069,0.7692955,
-0.152,,,,,,,,,,1.6839,0.6548,,,,,,,,1.1102,,,,,,,,,,,,,,2.1022,1.0279374,
-0.146,,,,,,,,,0.0411,1.8472,0.78371,,,,,,,,1.1349,,0.13856,,,,,,,,,,,,2.139,1.251003,
-0.14,,,,,,,,,0.1665,1.9499,0.89052,,,,,,,,1.1618,,0.3919,,,,,,,,,,,,2.1769,1.32042,
-0.134,,,,,,,,,0.21,2.1092,0.930133,,,,,,,,1.1891,,0.5245,,,,,,,,,,,,2.2178,1.4398,
-0.128,,,,,,,,,0.249,2.2830382,0.99359,,,,,,,,1.2181,,0.5408,,,,,,,,,,,,2.2586,1.58104,
-0.122,,,,,,,,,0.311,2.49579,1.0589,,,,,,,,1.2396,,0.6433,,,,,,,,,,,,2.29842,1.7444,
-0.116,,,,,,,,,0.355,2.761958,1.1343,,,,,,,,1.2589,,0.76119,,,,,,,,,,,,2.33514,1.81829,
-0.11,,,,,,,,,0.367,3.147407,1.2117,,,,,,,,1.27868,,0.85165,0.00158,,,,,,,,,,,2.36122,1.903,
-0.104,,,,,,,,,0.397,3.65256726,1.3065,,,,,,,,1.3007,,0.8768,0.11986,,,,,,,,,,,2.3896,1.99651,
-0.098,,,,,,,,,0.428,4.4597,1.4067,,,,,,,,1.3203,0.06425,0.92275,0.36293,,,,,,,,,,,2.4199,2.108,
-0.092,,,,,,,,,0.461,5.8262858,1.4869,,,,,0.27728116,,,1.3422,0.57546,0.97314,0.509202,,,,,,,,,,,2.44806,2.20784,
-0.086,,,,,,,,,0.5006,11.0314,1.5711,,,,,0.51625302,,,1.3648,0.7767,1.0317,0.51317,,,,,,,,,,,2.47601,2.32521,
-0.08,,,,,,,,,0.529,42.35056,1.6685,,,,,0.70827125,,,1.388622,0.96239,1.09056,0.60102,,,,,,,,,,,2.51645,2.40979,
-0.074,,,,,,,,,0.542,63.238,1.77,,,,,0.84477723,,,1.41368,1.2195,1.1555,0.71034,,,,,,,,,,,2.54627,2.47149,
-0.068,,,,,,,,,0.566,79.8244,1.91,,,,,1.01534964,,,1.438932,1.32048,1.2263,0.80775,,,,,,,,,,,2.5846,2.54996,
-0.062,,,,,,,,,0.589,71.05955,2.0856,,,,,1.08890123,,,1.4534,1.418145,1.2766,0.8507,,,,,,,,,,,2.6229,2.63317,
-0.056,,,,,,,,,0.616,58.4399,2.265,,,,,1.21656356,,,1.4707,1.54957,1.29677,0.87138,,,,,,,,,,,2.6608,2.7243884,
-0.05,,,,,,,,,0.644,84.74524,2.476,,,,,1.32374867,,,1.48873,1.686507,1.33617,0.92426,,,,,,,,,,,2.70706,2.81106,0.08168
-0.044,,,,,,,,,0.673,95.410108,2.813,,,,,1.40212284,,,1.50749,1.8468,1.3784,0.97965,0.07422,,,,,,,,,,2.7229406,2.9004,0.4498
-0.038,,,,,,,,,0.705,69.81455,3.219,,,,,1.4935578,0.0368234,,1.5267,1.934499,1.419,1.0353,0.56503,,,,,,,,,,2.75342,2.99866,0.59706
-0.032,,,,,,,,0.0426,0.729,114.15381,3.9129,,,,,1.59139044,0.36231469,,1.54622,2.012689,1.4639,1.0927,0.75619,,,,,,,,,,2.78322,3.06398,0.7017
-0.026,,,,,,,,0.153,0.747,91.8565,4.876,,,,,1.69510675,0.58592815,,1.56578,2.1096,1.5187,1.1625,0.92852,,,,,,,,,,2.824107,3.1385,0.8849
-0.02,,,,,,,,0.195,0.771,110.87461,11.8008,,,,,1.76675766,0.62222482,,1.5862,2.2125,1.561138,1.2193,1.17625,,,,,,,,,,2.8475,3.22206,1.02258
-0.014,,,,,,,,0.224,0.797,120.31358,30.352,,,,,1.85652301,0.75933749,,1.60882,2.3225,1.61262,1.2487,1.2908,,,,,,,,,,2.88054,3.29887,1.0662
-0.008,,,,,,,,0.278,0.826,89.803877,40.878,,,,,1.9364207,0.92224221,,1.62827,2.4369,1.66694,1.2782,1.3722,,,,,,,,,,2.9129,3.37556,1.1653
-0.002,,,,,,,,0.324,0.854,90.6417,62.4263,,,,,2.0295547,1.0271014,,1.64975,2.5605,1.71686,1.319,1.4982,,,,,,,,,,2.9489,3.45906,1.2667
0.004,,,,,,,,0.338,0.882,100.1276,87.1466,,,,,2.13049127,1.05822579,,1.6647,2.6416,1.74452,1.3593,1.628,,,,,,,,,,2.99075,3.55155,1.3713
0.01,,,,,,,,0.361,0.91,117.7809,67.342,,,,,2.20097848,1.14014976,,1.6811,2.7238,1.7754,1.3977,1.7837,,,0.21499,,,,,,,3.0329,3.6484,1.4969
0.016,,,,,,,,0.388,0.941,181.299139,76.7643,,,,0.0085,2.28970698,1.22517341,,1.697,2.82077,1.81337,1.4434,1.8934,,,0.63236,,,,,,,3.07751,3.7591,1.5907
0.022,,,,,,,,0.417,0.98,6.647585,94.8769,,,,0.1752,2.37059931,1.31158162,,1.7152,2.924,1.8537,1.4914,1.9544,,,0.72946,,,,,,,3.123,3.87702,1.6678
0.028,,,,,,,,0.448,1.007,4.57478,122.539,,,,0.25796,2.46290027,1.41394945,,1.7316,3.0329,1.8948,1.5393,2.0498,,,0.91808,,,,,,,3.16678,4.01059,1.76001
0.034,,,,,,,,0.482,1.04,3.98171386,124.43,,,,0.32284,2.56325991,1.51229214,,1.7488,3.13958,1.9395,1.5899,2.1557,,,1.13333,,,,,,,3.20385,4.18216,1.85602
0.04,,,,,,,,0.5,1.078,3.64081,95.409,,,,0.4181,2.65320746,1.5624738,,1.766,3.2478,1.9844,1.6428,2.2622,,,1.2171,,,,,,,3.251096,4.4,1.96758
0.046,,,,,,,,0.517,1.114,3.517491,26.9632,,,,0.4585,2.74490789,1.62098193,,1.785,3.3671,2.0295,1.6892,2.3659,,,1.299,,,,,,,3.31165,4.594836,2.16105
0.052,,,,,,,,0.539,1.148,3.42668,22.3107,,,,0.5117,2.82862252,1.68832876,,1.8048,3.5692,2.0746,1.7133,2.4864,,0.00000259,1.41289,,,,,,,3.37658,4.73478,2.35819
0.058,,,,,,,0.012,0.56,1.186,3.2548,16.434,,,,0.57,2.94276358,1.7536965,,1.8231,3.75887,2.1204,1.7458,2.5896,,0.02278,1.52939,,,,,,,3.45437,4.74812,2.5656
0.064,,,,,,,0.114,0.585,1.235,3.124,3.6257,,,,0.6408,3.04734431,1.83688041,,1.8414,3.978,2.16668,1.78415,2.6614,,0.09017,1.67133,,,,,,,3.5539,4.691108,2.61918
0.07,,,,,,,0.183,0.611,1.289,3.0379,3.497,,,,0.7222,3.1616844,1.91634752,,1.86018,4.2088,2.2195,1.824616,2.7568,,0.20218,1.78446,,,,,,,3.667459,4.4599,2.6377
0.076,,,,,,,0.194,0.638,1.342,2.99683,3.403,,,,0.7741,3.29125022,2.00061545,,1.8779,4.4302,2.2792,1.8659,2.859,,0.3478,1.8358,,,,,,,3.7927,4.41143,2.6299
0.082,,,,,,,0.236,0.666,1.399,2.96959,3.282,,,,0.8387,3.40670401,2.09161063,,1.89216,4.65898,2.3223,1.91143,2.969,,0.47581,1.9229,,,,,,,3.8828,4.35667,2.625
0.088,,,,,,,0.286,0.692,1.461,2.9516,3.22108,,,,0.9373,3.53703158,2.17814676,,1.9085,4.7586,2.377,1.95541,3.0784,,0.569211,2.0091,,,,,,,3.88144,4.34613,2.65103
0.094,,,,,,,0.138,0.706,1.522,2.9532,3.2343,,,,1.0437,3.67670291,2.22458785,,1.9256,4.64758,2.4364,2.0001,3.1874,0.14999,0.62426,2.1096,,,,,,,3.89799,4.37934,2.67354
0.1,,,,,,,0.328,0.728,1.604,2.94309,3.2512,,,,1.1621,3.8475368,2.29775483,,1.9417,4.58,2.49946,2.0449,3.2991,0.5572,0.64685,2.2099,,,,,,,3.92244,4.301367,2.68354
0.106,,0.161,,,,,0.353,0.753,1.7047,2.952,3.2799,,,,1.3146,4.03427942,2.3805717,,1.9606,4.4788,2.55866,2.0903,3.4718,0.68657,0.66957,2.3173,,,,,0.01105,,3.9269311,4.615246,2.6884
0.112,,0.301,,,,,0.379,0.779,1.806,2.95997,3.325,,,,1.6326,4.23256341,2.46807301,,1.9784,4.399,2.6237,2.1363,3.6808,0.83187,0.710057,2.43108,,,,,0.214357,,3.95898875,5.0901,2.71227
0.118,,0.381,,,,,0.406,0.805,1.9182,2.95253,3.3819,,,,6.3647,4.44784486,2.5581027,,2,4.3065,2.6906,2.1892,3.9011,1.04017,0.76831,2.50196,,,,,0.655224,,4.1129,5.42055,2.7387
0.124,,0.498,,,,,0.436,0.832,2.038,2.93912,3.4442,,,,10.667,4.71311405,2.64674675,,2.0249,4.2024,2.7606,2.24999,4.1488,1.1873,0.83654,2.5803,,,,,1.68526,,4.038649,5.66087,2.76211
0.13,,0.538,,,,,0.467,0.858,2.177,2.93617032,3.5177,,,,14.1465,5.08537446,2.73594696,,2.0523,4.13282,2.8398,2.296,4.3817,1.22405,0.90709,2.6724,,,,,2.01554,,3.96475,5.81229,2.7737
0.136,,0.6,,,,0.013,0.484,0.885,2.389,2.93895,3.568,,,,15.819,5.5576095,2.8267936,,2.08301,4.06851,2.9296,2.352,4.61983,1.3252,0.972,2.7704,,,,,1.958,,3.95145,5.8501,2.78
0.142,,0.67,,,,0.109,0.501,0.917,2.6262,2.9460699,3.597,,,,19.004,6.13156968,2.93581601,,2.1187,4.01735,3.0243,2.4138,4.8163,1.4347,1.026,2.8737,,,,,2.28016,,3.92454,5.64215,2.7824
0.148,,0.751,,,,0.175,0.522,0.951,2.918,2.95331,3.674,,,,24.949,7.20926674,3.08656756,,2.155077,4.19607,3.12558,2.4795,4.7112,1.55316,1.0707,2.9746,,,,0.075587,2.62234,,3.88768,5.2334,2.8003
0.154,,0.788,,,,0.187,0.542,0.98,3.4388,2.97169,3.91,,,,27.9393,8.98725439,3.27103455,,2.19287,4.37327,3.2332,2.5408,4.66797,1.68498,1.1084,3.07665,,,,0.483544,2.96811,,3.86159,5.188256,2.823
0.16,,0.839,,,,0.225,0.567,1.013,4.081,2.9866,3.927,,,,22.0697,9.31810978,3.46854551,,2.2262,4.57437,3.24499,2.608,4.5809,1.7571,1.1493,3.1809,,,,0.76834,3.44778,,3.8377,4.76741,2.8488
0.166,,0.896,,,,0.272,0.593,1.048,5.965,3.01,4.0699,,,,29.832,9.17724763,3.68200485,,2.2491,4.84855,3.2188,2.678,4.5065,1.8298,1.198,3.3143,,0.000834,,0.865782,3.72029,,3.79122,4.511665,2.8735
0.172,,0.957,,,,0.307,0.618,1.082,6.499,3.031,4.2216,,,,25.5232,9.67443201,3.90535237,,2.262,5.109311,3.25014,2.7516,4.4308,1.9164,1.254,3.4362,,0.02217,0.07553,0.970307,3.7608,,3.77747,4.62655,2.90208
0.178,,1.022,,,,0.317,0.646,1.115,6.601,3.05067,4.4243,,,,25.7593,9.24414826,4.13358915,,2.26488,5.40179,3.30955,2.8347,4.3398,2.0119,1.3075,3.5751,,0.0723,0.56331,1.16357,3.8897,,3.7733,4.90954,2.9334
0.184,,1.074,,,,0.34,0.673,1.153,6.617,3.0734,4.8275,,,,28.2209,7.19168298,4.39407126,,2.248,5.7364,3.3504,2.9296,4.2587,2.1138,1.3614,3.7213,,0.14539,0.900672,1.36459,4.19185,0.52579,3.79542,5.24451,2.9654
0.19,,1.119,,,,0.366,0.689,1.2,6.87,3.0979,5.75152,,,,23.646,1.32352684,4.70644165,,2.2125,6.0442,3.4118,3.0303,4.2259,2.207,1.41704,3.8665,,0.22987,0.97924,1.496,4.5485,0.62297,3.83257,5.6952,3.0007
0.196,,1.176,,,,0.391,0.71,1.252,7.91,3.121,6.5797,,0.438,,18.9688,0,4.90233824,,2.1721,6.36657,3.5136,3.138,4.18122,2.3172,1.474,4.00988,,0.3254,1.1623,1.5477,4.93286,0.7399858,3.8609,6.53506,3.0401
0.202,,1.236,,,,0.42,0.736,1.302,9.797,3.139,6.89508,,0.657,,14.50917,0,4.8622819,,2.14631,6.71825,3.62621,3.2535,4.1623,2.43117,1.5321,4.1626,,0.4321,1.41235,1.6586,5.30787,0.84086,4.1788,7.60491,3.08909
0.208,,1.294,,,,0.452,0.763,1.355,11.269,3.164,6.8114,,0.985,,12.2258,0,4.82233601,,2.14064,6.97468,3.7297,3.3059,4.3891,2.49286,1.5926,4.33591,,0.54989,1.62976,1.77716,5.73538,0.88369,4.2965,7.59928,3.1536
0.214,,1.352,,,,0.474,0.79,1.413,15.418,3.1933,8.05611,,1.043,,13.28,0.12740502,4.73865623,,2.1359,7.50965,3.8136,3.2694,4.5928,2.5814,1.6564,4.52191,0.02694,0.68311,1.71793,1.89839,6.3612,0.929107,4.5053,7.27789,3.2388
0.22,,1.429,,,,0.488,0.818,1.47,16.275,3.225,8.3689,,1.2443,,14.197,0.55290463,4.61705295,,2.1552,5.49742,3.8842,3.2794,4.8746,2.6807,1.7229,4.5364,0.15948,0.81418,1.8494,2.02358,7.857,0.99179,5.02988,6.91868,3.4106
0.226,,1.48,,,0.002,0.509,0.845,1.549,11.3889,3.269,7.3736,,1.454,,20.7067,0.81513285,4.72821706,,2.18288,4.1096,3.9417,3.3306,5.2175,2.7873,1.789266,4.50316,0.2029,0.9263,2.00025,2.17694,7.9451,1.05821,4.76844,6.8951,3.67003
0.232,,1.548,,,0.072,0.53,0.872,1.641,9.26415743,3.3266,5.906,,1.519,,20.316,1.24390019,4.69397705,,2.2354,4.50697,3.996,3.37468,5.5683,2.896,1.86199,4.70213,0.26242,1.0098,2.1579,2.32428,7.0412,1.1256,4.4608,7.18008,3.9063
0.238,,1.61,,,0.16,0.554,0.905,1.734,6.6448,3.3947,5.1533,,1.6658,,17.3868,1.43492718,4.62174965,,2.275993,4.92789,4.1926,3.435,6.0108,3.001,1.944,4.89107,0.329919,1.092,2.32696,2.4387,6.8766,1.2013,4.29866,7.53208,4.1534
0.244,,1.671,,,0.185,0.581,0.943,1.835,5.4717,3.4693,4.64507,,1.826,,13.686,1.71262522,4.50725871,0.13289992,2.31042,5.37839,4.3838,3.5379,6.4701,3.1094,2.0332,5.1154,0.35319,1.1712,2.53561,2.55346,6.6464,1.28896,4.1484,7.9424,4.3207
0.25,,1.749,0.013,,0.217,0.606,0.975,1.941,16.169,3.5535,4.3089,,1.9458,,12.852,2.03577274,4.56997323,0.15837586,2.3317,5.874188,4.5163,3.65209,7.1739,3.2209,2.1222,5.40501,0.3921,1.24737,2.73595,2.68583,6.43779,1.36232,4.05615,8.5502,4.0797
0.256,,1.833,0.164,,0.266,0.633,1.011,2.068,30.1299,3.6392,4.2733,,2.0793,,12.1798,2.28615207,4.55617329,0.18628642,2.3712,6.963408,4.646,3.75287,8.0801,3.39459,2.2105,5.6681,0.433357,1.32049,2.88446,2.8206,6.42125,1.402828,4.12221,9.1973,3.9095
0.262,,1.917,0.237,,0.309,0.662,1.05,2.254,31.7104,3.5814,7.76,,2.236,,12.538,2.57475674,4.61304113,0.20776812,2.4324,8.37176,4.8501,3.8341,9.4932,3.533836,2.2914,5.96675,0.48149,1.39089,3.07106,2.973,5.9501,1.4617,4.2346,9.8906,3.6698
0.268,,1.997,0.285,,0.323,0.683,1.088,2.46,25.6789,3.59367,11.2111,,2.3687,,15.0617,2.89770034,4.07689504,0.21623817,2.48299,9.1386,4.8542,3.89449,3.4834,3.70556,2.35244,6.30526,0.53137,1.46941,3.26745,3.1503,5.9436,1.52257,3.9633,9.8005,3.36207
0.274,,2.086,0.366,,0.346,0.704,1.12,2.699,23.4511,3.6,15.5813,,2.5395,,18.4639,3.28900182,3.4283259,0.22976642,2.54464,9.667,4.4856,3.9388,3.62544,3.88144202,2.3929,6.68434,0.560655,1.57492,3.48992,3.3187,5.9923,1.584667,3.76246,9.9379,3.1995
0.28,,2.191,0.415,,0.373,0.731,1.167,3.12,22.3186,3.6075,20.6986,,2.657,,28.5067,3.67382836,3.18516983,0.24435589,2.59144,9.9716,4.348,3.99595,3.94667,4.05804,2.446,7.1284,0.60062,1.702687,3.75269,3.50991,6.0943,1.66538,3.49655,10.32687,3.1205
0.286,,2.295,0.441,,0.401,0.76,1.222,3.64,23.0675,3.6211,23.9352,,2.822,,32.951,4.07668572,2.97531761,0.26057005,2.61712,11.2068,4.2353,4.2599,4.3432,4.239,2.516,7.61733,0.6446,1.85085,4.03242,3.78579,6.3303,1.74775,3.3593,10.6126,3.1281
0.292,,2.407,0.483,,0.431,0.791,1.281,5.078,26.307,3.63083,28.06,,2.977,,39.344,4.55838464,2.88596551,0.2770625,2.60611,12.818,4.2102,4.3949,4.7709,4.4335,2.627,8.2469,0.69335,2.01993,4.422,4.13312,6.65326,1.82933,3.23616,10.8854,3.14205
0.298,,2.518,0.527,,0.466,0.82,1.339,5.665,36.5202,3.67509,27.524,,3.152,,36.827,5.27076651,2.87153752,0.29556363,2.64486,13.0029,4.229,4.5117,5.2411,4.6507,2.7939,8.9641,0.74725,2.209944,6.00221,4.45546,7.3257,1.91634,3.13514,11.54555,3.18417
0.304,,2.655,0.583,,0.493,0.85,1.4,5.7125,24.3933,3.7847,74.663,,3.354,,42.1222,6.31090048,2.86012047,0.31728686,2.6917,12.5035,4.2406,4.6291,5.7496,4.6979,2.9889,9.8503,0.80908,2.42087,8.17618,4.8409,11.2156,2.008133,3.02716,12.24529,3.22285
0.31,,2.834,0.624,,0.511,0.879,1.47,5.817,11.1691,3.776,62.376,,3.5417,,42.3306,7.36647122,2.87140323,0.33576674,2.69842,10.89506,4.3836,4.8154,6.3577,4.6836,3.20097,10.8416,0.86140033,2.70226,10.07304,5.31574,12.6916,2.05658,2.9473,12.48349,3.26437
0.316,,3.005,0.65,,0.534,0.9147,1.543,5.756,9.1249,3.66,29.1726,,3.736,,22.874,7.92325726,2.8861629,0.3474992,2.677905,12.9504,4.547,4.3915,8.1038,4.69319,3.408,12.5105,0.93055,3.13667,12.5576,5.837175,11.579866,2.121149,2.92069,12.84535,3.3256
0.322,,3.186,0.686,,0.558,0.958,1.656,6,8.014,3.599,17.8968,,3.959,,17.793,9.80542088,2.90226038,0.36264772,2.65522,17.6877,4.7237,4.1518,9.1812,4.9622,3.6119,16.8617,1.01732,3.687,15.483,6.20527,12.1994,2.21908,2.9873,13.3944,3.47037
0.328,,3.436,0.726,,0.586,0.997,1.765,7.593,7.922,3.5093,42.7713,,4.226,,16.257,20.37330721,2.94030208,0.37873412,2.64407,22.0273,4.9046,4.0308,10.1216,5.23711,3.8435,18.0842,1.10721,4.4573,18.56494,6.3443024,12.7777,2.33569,4.255,14.0466,3.59442
0.334,,3.723,0.77,,0.618,1.038,1.884,8.483,8.927,3.4649,77.2256,,4.4834,,15.6064,11.61231333,2.98954214,1.53024153,2.62587,14.8373,5.0961,3.9661,10.7858,5.5504,4.1454,27.28843,1.2119,5.84598,18.34352,6.72092,13.16378,2.45989,2.59919,14.99607,3.7067
0.34,,4.04,0.814,,0.649,1.083,2.014,9.275,9.61337,3.4702,48.159,,4.831,,14.7459,7.35368355,3.09172804,1.60586156,2.604579,13.153,5.3103,3.9618,11.7315,5.9593,4.5251,28.1237,1.33648,8.5536,27.5596,9.58476,14.27567,2.58319,1.95531,16.00947,3.82884
0.346,,4.553,0.863,,0.681,1.129,2.186,11.729,12.3855,3.499,44.167,,5.1631,,15.0421,6.53918173,3.17971983,1.68908006,2.5502,13.08,6.0041,3.96665,13.608,6.379,5.2511,28.51489,2.31777,11.8516,30.0743,14.3295,15.54577,2.709337,1.82393,16.9282,3.98677
0.352,,5.629,0.897,,0.715,1.173,2.433,13.092,18.642,3.5425,48.193,,5.537,,16.4735,8.11926021,3.26417258,1.76738469,2.49719,13.7069,6.61677,3.9612,14.2595,6.8534,6.1394,27.8154,4.71276,14.00064,40.6398,28.95587,18.106,2.83527,1.69888,19.1999,4.24292
0.358,,5.998,0.934,,0.738,1.228,2.703,11.056,26.487,3.6059,117.152,,6.059,,9.0449,10.55360081,3.3603,1.85074418,2.4329,26.395,7.2189,3.9911,11.86004,7.4108,7.0531,27.2331,7.00865,16.374,51.787,27.1967,19.9552,2.98252,1.54054,23.19307,4.442638
0.364,,6.03,0.979,0.0237,0.769,1.298,3.182,9.01,34.066,3.6848,30.985,,6.6199,,4.13339,11.32049621,3.46208988,1.93903756,2.40665,16.86,10.0005,4.1589,14.4474,8.1768,7.6567,25.913,8.33085,20.4604,53.9264,27.002548,15.29624,3.20309,1.4257,48.45135,4.69448
0.37,,6.083,1.028,0.156,0.806,1.372,4.075,7.796,43.317,3.7908,19.89,,7.354,,1.597,11.92668908,3.59231608,2.02584533,2.35587,13.072,14.317,4.3191,17.4024,8.9857,9.7363,24.4991,9.79892,21.8439,54.25497,30.1527,11.06701,3.61584,1.31176,35.6853,4.57169
0.376,,6.002,1.074,0.217,0.845,1.446,5.42,6.298,38.144,3.928512,19.0768,,8.4319,,1.5369,12.37110356,3.81979922,2.09571218,2.2636486,15.4445,16.0455,4.4625,16.00996,10.657,11.99207,28.899,11.42853,18.0348,52.95169,35.03346,13.3989,3.95785,1.2049,19.5594,4.66988
0.382,,6.057,1.12,0.253,0.883,1.522,5.433,5.015,42.867,4.005251,6.7713,,10.2502,,1.5112,13.05788619,4.07062779,2.19790994,2.20758261,21.864,13.5766,4.6278,13.75795,16.25391,14.1482,39.5869,13.30493,17.68407,56.31046,42.709,14.7958,4.35056,1.1037,17.0923,4.8764
0.388,,6.162,1.172,0.321,0.922,1.62,5.66,4.331,41.8606,4.19204,4.402,,13.533,0.000134,1.5,13.44942726,4.32964082,2.3161758,2.21551749,17.722,10.2465,4.8043,13.51308,10.77395,13.9534,44.6869,15.10867,16.3974,64.91133,52.35077,21.66822,4.91942,1.00492,15.05583,5.2123
0.394,,6.579,1.234,0.372,0.96,1.762,5.623,4.43,25.0759,4.3399,3.904,0.0732,15.068,0.0559,1.4965,13.99837706,4.60896182,2.44083523,2.27602,28.22,10.3638,5.0383,13.8862,14.3618,13.9904,45.609,17.9498,15.6836,64.30263,43.719,49.47337,5.74307,0.917913,9.31805,5.63812
0.4,,9.466,1.287,0.39,1.007,1.91315,6.07,20.467,20.5289,4.47763,3.5167,0.2064,14.75,0.1575,1.5013,14.24479841,4.94485203,2.56338607,2.30224,83.747,9.7285,5.6174,14.33157,27.5454,14.2594,51.237,16.816,170907,53.575709,27.10543,50.1354,6.84507,0.8398213,6.92562,6.24037
0.406,,9.829,1.349,0.426,1.067,2.077,6.747,26.855,19.209,4.699,3.2065,0.2377,13.837,0.1927,1.5094,14.89421599,5.46945238,2.68938742,2.35635,65.0024,10.4793,6.0993,26.5976,27.1803,14.5768,53.3435,15.06115,22.9545,49.29354,31.81,48.657,12.563059,0.7639258,6.33447,7.2038
0.412,,9.963,1.41,0.463,1.125,2.302,7.642,21.427,18.24399,4.0888,2.9432,0.305,13.825,0.2256,1.519,12.38125867,6.68874973,2.81513468,2.40689,72.3279,11.7783,6.8558,24.1665,29.09767,14.4377,51.71596,14.0593,24.1658,49.38415,29.8061,32.13099,11.92669,0.68747,5.511347,7.33444
0.418,,8.25,1.467,0.504,1.185,2.665,8.453,19.632,16.6629,3.8495,4.057,0.3775,13.63,0.28056,1.5305,11.77077682,9.62846912,2.97462438,2.53735,37.595,12.4619,10.07,15.5632,27.75315,16.4712,44.9655,14.3804,27.8208,48.37547,28.8397,31.6728,8.71406,0.615078,6.55422,7.1379
0.424,,6.739,1.542,0.551,1.251,3.255,9.354,18.952,7.238,3.6652,5.6702,0.4054,13.834,0.3284,1.541,11.51534327,12.95359222,3.21581411,2.6176,33.826,17.96157,14.198,12.22037,28.9667,19.8102,34.8576,13.3685,34.7454,37.90396,31.8904,32.6162,6.753302,1.53139,8.6256,7.04479
0.43,,5.8599,1.63,0.578,1.317,5.169,11.278,19.913,2.836,3.588,6.4586,0.4451,15.214,0.3466,1.5339,11.22637607,13.85411234,3.45073229,2.72551,52.6685,19.1341,14.5577,15.41851,29.8996,22.46313,42.5193,12.037,36.403311,33.54454,42.621,44.9902,5.935299,0.70729,13.8636,8.3378
0.436,,5.54,1.716,0.606,1.407,5.235,12.932,17.048,2.75,3.6467,6.808,0.4888,17.849,0.37767,1.5348,10.95262077,14.47428457,3.77382752,2.75807,67.559,27.0604,14.1417,15.22585,29.51187,23.29121,49.9757,10.7078,30.52404,34.605858,65.83,70.5235,4.55059,0.719065,13.00322,10.12137
0.442,,5.489,1.805,0.637,1.518,5.28,9.955,17.799,2.578,3.641,6.4356,0.5357,18.314,0.41056,1.538,16.10184228,11.02979767,4.13287632,2.7825,43.186,24.0925,9.582,13.0335,28.6727,25.7201,46.74655,9.55707,18.06418,34.94136,54.5788,70.1037,3.95443668,0.7382882,14.24136,11.52
0.448,,4.738,1.9,0.671,1.632,5.715,8.408,19.727,2.481,3.632,6.1738,0.5942,17.841,0.444,1.5467,21.29358927,8.95281486,4.64753082,2.8154,56.9079,19.7228,9.13737,26.7348,32.3908,28.8187,43.49059,8.22999,18.102285,32.39836,46.72957,73.2693,7.23027,0.7476,15.26168,9.07577
0.454,,4.799,2.044,0.71,1.749,6.415,7.596,26.448,2.4205,3.6833,5.8706,0.634,17.988,0.4866,1.5555,44.64582334,8.09571236,5.48452298,3.00569,65.594,16.3248,8.789,70.7109,41.2134,21.9512,32.8369,10.5098,18.96269,42.08387,43.0275,83.0865,12.764988,0.8943,19.47726,9.1859
0.46,,6.212,2.1837,0.749,1.939,6.787,6.505,24.598,2.3715,3.7516,5.665,0.6693,20.802,0.5322,1.5659,23.69021779,7.78214143,7.79827253,2.871224,33.8156,17.6968,9.1633,75.5874,44.1475,16.3557,41.88597,11.3567,17.019,37.82744,31.4028,83.978,18.04747,1.1037,21.6759,8.77902
0.466,,6.841,2.333,0.791,2.214,7.221,5.455,19.238,2.3404,3.8219,5.4594,0.7086,19.09,0.5618,1.577,18.41353723,8.08244636,12.58308844,2.81835,53.8528,5.90704,9.636,49.12725,47.0035,15.8078,50.2933,11.2157,14.4679,50.75414,25.56324,95.1752,22.09505,1.34413,14.34111,9.1825
0.472,,18.277,2.499,0.827,2.577,7.663,4.64,9.156,2.316,3.439,5.278,0.7592,15.7002,0.5931,1.5906,14.85165577,8.06396355,10.34896158,2.7674,28.437,6.2789,10.609,54.7088,47.5149,18.9026,54.0816,11.7408,13.83236,53.20273,24.95237,113.6253,24.6911,1.6367,9.61362,10.0959
0.478,,17.986,2.743,0.856,4.761,8.259,4.017,7.201,2.305,3.23203,5.139,0.8119,17.276,0.6258,1.6052,13.46179246,8.46653185,9.38730559,2.69877,50.027,24.6587,12.0576,32.838,48.58,23.3538,60.02482,11.3258,13.6393,48.061477,22.2002,87.330428,32.2572,1.98233,12.5474,12.1066
0.484,,18.217,3.026,0.897,5.633,9.402,3.402,6.27,2.30337,3.18119,5.101,0.86642,18.6487,0.67026,1.6203,11.6549031,10.50873387,7.54485095,2.62998,77.515,29.9581,15.0035,29.578,44.7518,24.2513,62.16056,11.4797,13.10586,45.11089,21.8971,85.3272,35.7852,2.67559,25.6643,15.2297
0.49,,18.405,3.392,0.941,5.85,10.864,13.253,5.699,2.3538,3.123,4.9963,0.926614,23.173,0.7208,1.636,10.20437057,10.47961668,6.17962631,2.578,96.3038,31.1555,15.662,43.2105,43.7452,21.144,57.9452,10.847,12.61867,50.25,24.73195,92.3764,23.21216,4.35963,34.6628,19.3949
0.496,,19.567,4.047,0.984,6.239,13.771,21.213,5.508,2.3265,3.0673,4.838,0.96853,23.529,0.76935,1.653,9.09591611,10.1961414,4.79514076,2.56004,47.414,22.44699,22.568,60.735,40.61701,19.7219,66.30726,11.6621,12.0934,47.33551,19.68359,102.30848,20.68458,5.651094,41.4938,16.18
0.502,,21.15,5.6251,1.028,6.7,9.585,23.859,5.987,2.3055,3.0045,4.5909,1.0309,27.68,0.822008,1.672,8.50732885,9.96980965,4.11776713,2.60296,34.053,26.947,22.6443,40.47923,40.9594,17.70512,64.7189,12.2924,11.90992,42.209917,22.46263,94.83638,18.3987,6.4995,72.1348,11.5826
0.508,,19.6114,5.833,1.071,6.783,8.011,17.184,6.493,2.2857,2.9357,4.497,1.1002,31.9032,0.8799,1.6867,7.82143701,9.72371148,8.74517774,2.60029,32.072,59.8581,16.683,64.23107,44.9871,17.61041,59.45132,12.20799,11.96914,50.80669,23.946557,82.893,13.052665,6.93615,48.33927,9.917
0.514,,21.902,5.871,1.123,7.121,7.456,16.085,6.702,2.26887,2.90343,4.3896,1.1664,36.3851,0.9376,1.7067,5.70176526,11.61835871,12.49125212,2.6518,36.9045,55.92408,14.165,57.8355,39.431,19.84176,61.75367,12.6381,13.0509,39.0659,27.5839,127.8339,11.31559,6.975719,25.80988,8.4036
0.52,,15.323,5.94,1.187,7.701,6.387,15.486,8.143,2.2271,2.84,4.2604,1.231,38.1034,1.0169,1.728,7.12008793,10.47401453,16.80100003,2.71338,25.94233,50.969,12.738,21.02949,36.989,23.2833,74.58307,12.2389,27.2988,32.690146,22.08232,148.2761,34.18872,7.15915,20.01806,7.2668
0.526,,13.858,5.924,1.24,8.196,6.141,16.2451,9.982,2.1977,2.747,4.15217,1.3151,27.9376,1.0997,1.7512,7.87246727,10.03843509,19.42562111,2.7576,30.2241,43.9098,15.658,36.2392,36.6233,27.33565,86.1967,14.5999,25.5824,46.94127,25.8199,143.1355,70.83787,7.02587,18.175,6.5453
0.532,,12.823,6.915,1.303,8.753,4.84,14.496,14.089,2.174,2.921,4.0507,1.4209,14.0553,1.1777,1.7754,8.60221148,12.86235576,20.77365201,2.7939,47.5147,35.0665,9.6477,46.6014,28.7999,31.3995,105.1496,17.1893,24.6743,86.295934,24.48333,121.214673,51.360447,6.84919,16.5711,6.29226
0.538,,12.096,7.761,1.365,9.412,4.479,14.513,18.452,2.1508,3.2513,3.954,1.5276,10.9904,1.5612,1.8,9.17459911,13.1944635,25.99463137,2.839,67.084,29.9286,4.2556,23.618,30.67418,29.74551,61.1218,20.382,24.498,78.7293,12.13599,101.02145,33.4377,6.773467,14.91133,6.6638
0.544,,11.135,8.336,1.426,11.587,3.39,15.432,20.989,2.1342,3.388,3.837,1.6361,14.6745,2.964,1.8264,9.7890752,8.78347854,32.76481026,2.8811,70.64,24.3507,7.2884,23.75029,36.001,29.8215,56.7075,24.0588,23.90722,31.34438,6.67898,62.8174,38.81108,6.08408,12.4955,9.3926
0.55,,10.461,9.219,1.511,12.786,3.17,16.482,26.65,2.1276,3.3762,3.742,1.781,13.389,4.2415,1.8883,11.12712324,7.81902799,21.73076697,2.91462487,100.171,7.8929,17.7852,63.287137,43.13465,25.4614,63.4953,21.5857,23.295536,48.88716,3.93877,70.89902,40.954111,5.5345,11.9056,12.33772
0.556,,9.85,11.002,1.607,9.138,10.586,21.883,30.462,2.1107,3.262,3.6629,1.9715,13.408,5.64,1.9789,11.84818492,7.11441235,18.06706273,2.94749,132.1146,6.0307,23.0437,81.859,52.8194,26.998,64.4039,15.2934,21.0151,62.00708,4.8251,77.38235,44.51952,5.07795,12.4827,11.9001
0.562,,9.216,11.547,1.703,7.592,18.332,21.143,28.605,2.087,3.1629,3.578,2.1693,15.646,6.5699,2.035,12.73151025,6.57234561,18.28016223,2.96696,135.674,5.6827,23.6566,76.65898,46.47194,28.5365,65.8354,11.626,19.308255,54.17706,9.32126,97.0228,62.0852,4.77853,12.1127,11.20699
0.568,,8.564,9.435,1.801,7.475,22.726,17.292,31.428,2.0565,3.20355,3.75,2.5103,27.697,6.7612,2.0556,14.1094713,6.22898615,14.5080272,2.99387,88.8831,5.499,23.159,38.5655,45.277,30.347,63.41965,9.88326,18.52906,45.21158,15.30763,164.59067,67.22264,4.51595,11.7884,11.69463
0.574,,8.669,7.518,1.93,6.219,15.699,14.49,33.07,2.0202,3.3859,3.5969,3.215,37.2579,6.977,2.0334,16.42320794,6.11492105,14.08866063,3.03064,70.628,3.9362,16.5238,30.5932,45.29527,36.1022,57.3399,9.7538,12.8633,49.240888,31.30827,157.8611,34.34419,4.28178,11.80711,12.95543
0.58,,6.898,6.688,2.109,5.829,13.852,7.202,57.224,1.984,3.58,3546,6.001,36.13,7.193,2.022,21.83632633,6.08558064,10.14351641,2.92933,58.4632,2.76777,19.3391,25.97608,45.8811,38.598,71.4822,12.85827,6.4249,67.50584306,44.3286,149.381,34.1727,4.10589,11.74889,17.6994
0.586,,3.988,5.935,2.294,4.954,13.468,5.931,22.86,1.95,3.6926,3.246,5.791,35.786,7.3968,2.0204,24.05630906,6.54765451,9.47532744,2.90497,44.755,2.3789,31.4624,32.1758,50.08,32.4224,68.3623,12.89721,7.91935,60.81392,43.28774,154.6073,47.03345,3.992648,11.5142,16.783
0.592,,2.388,5.486,2.505,4.136,13.307,5.283,18.386,1.924,3.7869,3.164,6.258,34.635,7.6219,2.0154,28.43172946,6.84633181,13.18420003,2.89877,60.307,3.3549,51.0503,26.1724,51.6047,35.5578,45.1158,11.821,29.04877,65.532,47.3035,220.03118,15.99182,3.91769,12.0112,15.0954
0.598,,2.613,5.278,2.855,3.524,13.438,4.888,15.646,1.896,3.894,3.076,6.796,37.438,8.0085,2.057,39.13650726,4.00887164,57.18244352,2.96806,57.5466,4.0901,47.236,21.0026,57.52037,31.05522,49.5193,10.6296,22.49767,47.12837,48.7616,199.0151,11.03144,3.86375,13.50884,13.5164
0.604,,3.209,4.818,3.275,3.148,12.53,4.613,14.575,1.8695,4.0453,2.993,6.953,38.647,8.5747,2.0396,26.58373635,6.37254773,54.10642693,2.973067,36.914,5.3511,39.2694,26.1829,60.807,29.6315,46.69431,11.0707,21.9825,38.65037,44.6623,114.3689,9.55658,3.827179,12.21667,12.71238
0.61,,3.632,3.836,4.403,2.953,12.023,4.612,13.549,1.8429,4.2445,2.916,7.135,33.477,9.5876,2.01895,36.82228669,11.14578366,35.74460334,2.95059,37.4416,15.8676,36.7379,35.8457,60.1632,28.1826,36.4847,13.3668,20.9659,37.50822,44.81651,137.3027,7.90158866,3.7629,11.5251,11.9714
0.616,,4.257,3.688,5.904,10.959,12.887,5.074,14.43,1.8106,4.555,2.818,7.4031,31.715,10.0722,1.9626,31.07853397,14.29564676,28.91008257,2.94354,41.79,16.9989,30.4438,53.37617,61.2414,28.1106,32.44652,14.28054,19.0894,36.68027,47.77537,163.3557,5.923132,3.7093,11.353,11.1588
0.622,,5.065,3.906,5.777,17.471,13.495,5.253,9.33,1.784,4.7733,2.7299,7.80917,36.585,9.708,1.9417,16.37434735,16.05879954,29.6681791,2.9693,51.859,11.258,26.0128,50.09797,83.319,28.8815,27.5964,13.9249,18.2964,38.48728,52.15407,137.902,4.47705,3.6691,11.1259,10.55032
0.628,,7.096,7.1977,6.075,21.625,16.027,5.465,5.235,1.7697,4.937,2.659,8.3433,35.567,9.712,1.9217,6.91356958,18.08735161,32.79319592,3.0155,32.143,9.1503,22.71688,77.7132,61.782,29.065,32.34421,14.2216,20.2027,52.9122,53.91197,150.4868,4.0161234,3.6479,10.5651,10.12277
0.634,,9.267,20.719,6.686,14.652,19.377,5.927,2.853,1.767,5.0665,2.5855,8.811,37.0512,9.4329,1.902,1.5186774,20.55940218,33.47453067,3.063,29.169,8.1393,21.973,80.0514,54.8424,31.3037,51.2588,14.40806,23.2965,54.43685,83.04521,124.4226,4.98378,3.6367,9.3534,9.80319
0.64,,10.699,15.784,7.062,12.54,17.725,7.145,2.683,1.7508,5.19468,2.5101,9.399,27.7132,9.5043,1.8827,17.88318646,15.81888564,39.68316476,3.07723,10.261,7.4927,13.2429,83.2258,45.3293,28.55599,65.837652,14.0363,22.79517,34.9478,65.7451,150.635,5.83786,3.64479,8.8726,7.8582
0.646,,11.218,16.22,7.708,11.204,14.711,8.672,2.642,1.7021,5.1908,2.429,11.057,20.526,10.122,1.8634,21.15619939,12.3954842,47.31969387,3.10532,6.74,7.06954,4.8606,51.149,56.40047,22.63022,91.9527,12.2847,26.635,27.05278,52.57032,133.928,6.87994,3.67106,8.609,6.5479
0.652,,12.066,18.497,8.074,11.697,12.677,12.018,2.56,1.65266,5.22,2.3544,11.425,17.7767,8.53509,1.837,17.96213724,13.92078151,47.42773563,3.0987,6.141,6.4751,4.38157,83.3084,50.6635,17.0826,95.671,11.76896,25.8483,23.88845,47.48807,63.65507,7.9839,3.7264,8.3782,9.01532
0.658,,13.326,17.776,9.081,11.42,9.759,14.771,2.492,1.62334,5.37235,2.294,10.7758,14.659,6.219,1.8177,17.10638537,23.69928097,47.67923255,3.0677,5.25,6.00625,4.4833,81.1107,48.26,13.6177,76.4653,11.49111,26.8299,22.81537,49.25297,130.8389,10.7279,3.84957,8.1943,9.83506
0.664,,14.797,17.841,10.065,11.377,5.476,16.384,2.447,1.5950667,5.6483,2.2319,7.8388,14.357,4.2894,1.7996,13.50957931,26.52838935,35.15511985,3.0737,4.451,5.6165,3.4624,46.5313,55.4999,11.436009,75.4473,11.02498,27.5769,22.7283,43.9954,138.4959,12.22057,4.0254,8.0173,10.30736
0.67,,17.283,16.547,12.394,10.885,4.941,19.077,2.415,1.566,5.1337,2.33,7.214,15.315,3.77,1.8207,11.9587526,27.30090757,22.50847138,3.07711,4.327,5.19299,2.8251,42.8668,51.5938,11.23611,54.405,10.944,24.673,26.677,60.3914,83.1638,14.08277,4.0909,7.8334,10.6679
0.676,,19.802,14.056,13.472,10.182,4.481,22.551,2.389,1.537,4.8648,2.3203,6.0265,15.1379,3.489,1.8207,10.85750431,27.7776808,21.27955637,3.0806,4.2974,4.70617,2.218,45.576,45.864,13.01727,59.4209,11.06316,23.147,34.4867,53.1352,68.694,14.8573,3.9517,7.5431,13.8511
0.682,,19.003,14.111,8.676,11.117,4.216,23.464,2.367,1.505,4.7617,2.053,5.3015,14.0215,2.799,1.764,9.31330051,22.16036677,30.72351677,3.0856,4.5602,4.43262,1.7299,58.6775,42.2426,31.2614,73.6899,11.2558,21.9922,55.99352,59.288107,96.2679,15.15354,3.8358,7.3196,14.73615
0.688,,21.328,16.098,7.937,11.72,4.053,24.105,2.34,1.4714,4.7025,1.944,4.2461,14.5009,2.7699,1.7125,9.0412815,20.9183925,9.66516836,3.099425,5.2872,4.20687,2.7668,48.7334,36.5004,31.9032,64.8923,11.4232,19.83074,97.5929,58.4541,106.4043,15.45866,3.7764,6.76604,15.10149
0.694,,21.156,19.771,6.995,13.147,4.093,25.739,2.3,1.44159,4.679,2.0469,3.7675,14.4469,7.834,1.6845,9.52029581,27.65834819,5.68887666,3.1529355,6.903,4.00671,3.5785,30.1281,34.92,32.2244,35.51174,12.1181,19.9359,68.25145,45.65679,59.93969,16.0052,3.72393,6.4287,15.9284
0.7,,20.897,17.009,6.18,17.409,4.429,23.737,2.269,1.4135,4.701,2.2035,3.434,14.189,9.7676,1.659,9.75667131,30.2836124,4.58153475,3.20148,10.324,3.80503,4.3978,28.0479,35.4715,30.457,26.0443,13.2014,15.7882,93.89187,40.40042,11.11693,17.1378,3.6959,6.1288,17.50808
0.706,,22.023,13.774,8.894,16.926,4.514,27.687,2.235,1.38,4.7346,2.445,3.1759,14.3514,13.3887,1.6272,9.63351356,24.03954114,4.14632181,3.22749,14.096,3.6475,5.7735,30.4829,32.647,31.763,23.39059,14.51838,13.7424,69.53723,41.22098,6.8871,17.53906,3.65911,5.8721,19.25551
0.712,,43.123,12.204,4.938,14.387,4.679,29.062,2.206,1.3516,4.790414,2.801,3.0396,14.489,14.522,1.6105,9.43419264,18.67499169,3.33507872,3.23325,13.806,3.50108,16.3482,36.4911,39.4589,40.3707,18.73898,17.40267,11.94,70.41316,36.44964,4.0321,19.74189,3.61,5.64595,17.7803
0.718,,28.105,10.712,3.969,12.17,4.894,18.728,2.182,1.3217,4.8654,3.173,3.1607,14.6784,16.8619,1.5581,9.13668582,15.63927957,2.77845166,3.23575,13.32,3.3999,17.531,43.9643,49.3985,42.3601,11.9451,21.4569,13.8151,66.404946,36.21863,38.1218,21.86219,3.5587,5.5479,19.2073
0.724,,18.19,9.744,3.518,10.833,5.672,15.355,2.159,1.299,4.8954,3.5188,5.1151,15.0452,14.4095,1.5292,9.25116626,14.38640922,2.39895934,3.2486,14.6174,3.20117,10.741,30.6811,51.4678,26.0854,11.456,19.9267,21.66086,62.2332,37.77576,76.46419,23.32696,3.503788,5.0739,24.09248
0.73,,14.499,9.212,3.48,9.408,6.543,13.406,2.135,1.316,4.9398,3.407,16.0669,14.8159,11.538,1.5018,9.85709916,13.07222867,2.24866159,3.2653,14.1454,2.92557,9.12322,20.1979,40.398,21.87912,11.1926,13.3187,32.574,66.71848,43.2163,67.52755,27.20767,3.37647,4.89277,26.093446
0.736,,11.562,8.472,13.311,5.806,7.604,12.203,2.107,1.2923,4.9707,3.594,24.294,15.432,9.493,1.4728,10.31018112,12.24277064,5.02597972,3.2829,12.7519,2.94234,8.1774,14.4455,48.7877,21.148,11.229,8.6762,33.974,40.5306,59.93397,47.47408,28.7227,3.4089,4.5926,27.5049
0.742,,10.301,6.712,20.78,4.466,10.127,12.829,2.079,1.209,5.0221,3.7799,17.176,16.2891,8.4001,1.4436,9.70093572,12.04347435,7.07393704,3.308,12.4089,2.6699,7.6306,6.6497,41.88435,23.2725,11.60405,9.701837,32.98,28.24345,52.66228,41.19359,24.80552,3.4131,4.31441,27.9038
0.748,,9.478,2.922,20.168,4.13,12.37,11.035,2.051,1.1687,5.0713,4.01,13.488,17.4796,7.7829,1.4144,9.57134522,11.14571461,8.79815613,3.2919,10.2158,2.2667,7.148,4.7199,43.0318,37.1797,12.0738,1.6985,35.94278,29.88767,54.9538,110.4797,38.6153,3.5056,4.2315,20.5815
0.754,,9.411,2.532,16.366,3.818,13.592,11.004,2.024,1.134,5.1386,4.278,11.518,20.18766,7.059,1.48,9.49558276,10.16741209,11.39715429,3.28697,9.4947,2.0547,6.537,3.424,59.3826,40.235,10.3959,1.5755,40.84018,15.4927,46.0805,101.9259,9.35188,3.6798,4.3298,21.4861
0.76,,8.985,2.301,15.292,3.651,14.975,9.414,2.003,1.1026,5.2335,4.313,10.8737,18.7828,6.3419,1.4409,9.2691684,7.300851,17.42210951,3.29337,9.1929,1.8658,6.034,2.718,65.17277,26.1122,8.24409,1.5829,45.734102,9.93834,47.2933,110.1837,10.84427,5.0774,4.0461,17.3491
0.766,,7.105,2.407,15.265,3.524,17.605,5.953,1.978,1.0727,5.3268,4.4538,11.4521,20.87944,5.664,1.3275,8.95059687,3.29537144,20.17572832,3.30321,8.93599,1.7759,5.451,3.0202,67.6094,15.5486,6.8932,1.5933,41.8341,9.4236,59.1332,119.603,16.978588,5.67821,3.13598,13.233
0.772,,5.549,2.664,16.282,3.504,20.811,3.469,1.953,1.0335,5.3894,4.581,10.459,24.5793,5.483,1.286,8.69318072,0.99479833,21.27211822,3.32429,8.653,2.0947,4.924,3.4423,84.1324,10.4228,6.563558,1.602,26.4279,9.2503,62.8872,94.23118,26.775185,6.40282,2.79259,10.9694
0.778,,5.241,3.137,14.372,3.705,19.271,2.566,1.921,1.001,5.4636,4.728,10.074,32.96,6.453,1.247,8.4686827,0.81324397,24.43262798,3.35899,8.3217,1.8599,4.601,4.10597,92.0864,9.1187,6.07063,1.6017,26.01654,9.0183,57.6405,97.44835,26.8744,6.20186,2.59013,9.6376
0.784,,6.436,3.381,13.693,3.845,21.19,2.4798,1.893,0.9803,5.52,4.8818,10.9969,30.9661,7.167,1.2099,8.37160581,0.80627806,24.45755752,3.37848,7.9945,2.013,4.353,4.91512,76.58817,8.2393,5.65289,1.6036,27.6606384,8.66789,61.9249,60.46128,19.41345,5.98459,2.41034,8.1157
0.79,,6.238,3.794,13.705,3.869,23.384,2.399,1.866,0.94953,5.7301,5.1528,11.5355,32.3571,8.235,1.1704,8.30876194,1.3080016,23.25027672,3.37667,7.7354,2.2213,4.1363,6.32422,46.4164,7.4671,5.52447,1.6001,32.3857,8.31311,79.4082,97.41686,15.10853,5.60049,2.1934,7.74262
0.796,,5.166,4.22,14.417,4.015,22.146,2.344,1.837,0.909212,5.91,5.503,12.077,37.233,9.749,1.126,8.22322001,1.53927082,23.65703365,3.3844,7.516,3.258,3.94377,7.4455,30.0623,6.73625,5.4143,1.5901,30.50463,8.274579,87.5496,69.47715,15.13203,5.41374,1.93699,7.0529
0.802,,4.913,5.015,19.029,4.186,20.5166,2.312,1.809,0.8574,6.02,5.6627,14.983,41.015,11.9019,1.089,8.03946846,1.4793271,25.25866792,3.400233,7.3601,3.1336,3.75923,9.7398,39.57351,6.03664,5.42547,1.6269,13.99062,8.27743,73.0045,81.9822,13.69589,5.32363,1.7379,7.7508
0.808,,4.693,6.3,19.478,4.719,26.58,2.288,1.786,0.8384,5.7755,5.4514,18.3359,44.6741,17.6327,1.0605,7.88651477,1.42545831,30.0415252,3.4202,7.195,3.4169,3.61601,14.8916,27.2716,5.3374,5.7379,1.66495,9.06372,8.45623,59.8884,76.94279,20.44507,5.270495,1.5975,8.4962
0.814,,4.462,8.552,16.973,5.313,22.898,2.266,1.766,0.8075,5.528,5.2097,15.3785,40.454,14.7592,1.0244,7.67761434,1.37765619,27.72462887,3.438769,6.9344,3.7858,3.5277,15.5833,32.9768,4.7864,6.30063,1.6909,7.38859,8.81544,44.91409,37.3686,17.09675,5.436,1.8387,8.2105
0.82,,4.236,10.114,13.281,6.01,16.088,2.246,1.75,0.7206,5.396,5.055,11.802,31.2626,11.8435,0.9843,7.542326096,1.3726384,25.11504681,3.45962983,6.6978,4.313,3.14677,15.362,42.3638,4.4303,6.93805,1.69905,5.7027,8.55168,44.914,9.3598,13.84259,5.70619,2.3659,7.79558
0.826,,4.097,10.538,11.887,7.294,13.107,2.231,1.735,0.6751,5.237,4.92852,10.269,17.6904,10.3022,0.9445,7.26958859,11.52366193,27.1834514,3.48509,6.3938,5.0219,2.95977,15.9395,28.2314,4.1675,7.76606,1.6932,4.94099,8.47907,42.72537,2.5706,12.4053,5.93876,3.4727,7.3104
0.832,,3.949,11.356,10.982,9.195,11.869,2.21,1.699,0.6288,5.07,4.8058,9.1893,11.98377,8.971062,0.895,7.07516756,19.77989791,29.26122126,3.514617,6.07277,5.6688,3.14295,13.336,24.2022,3.994,8.51492,1.6997,4.840094,8.31499,33.51757,0.848574,11.46482,6.10309,4.4218,5.00674
0.838,,4.795,12.449,9.162,10.149,10.945,2.173,1.66,0.6914,4.91406,4.6895,8.3456,11.3992,7.8091,0.88209,6.98305049,46.20336079,16.75544473,3.543908,5.7879,6.3551,2.5255,12.2465,19.01395,3.9229,8.63887,1.7079,4.764,7.98644,27.6407,0,12.64842,5.4115248,4.6222,5.2845
0.844,,3.634,13.952,4.647,10.751,10.34,2.146,1.626,0.6487,4.8343,4.618,7.866,10.7807,6.48818,1.015,6.89376925,22.46540833,27.58856705,3.56963,5.5376,6.4097,2.1337,10.63206,10.9767,3.8343,8.0986,1.7059,4.717182,7.6908,12.8329,0,13.30385,5.0919,3.1566,5.74534
0.85,,3.424,15.888,4.144,11.537,10.715,2.12,1.6,0.6968,4.9566,4.5723,7.1495,10.4274,4.3617,1.361,6.82081214,15.31438397,26.42478567,3.601781,5.3252,6.1034,1.91131,9.8706,10.4882,3.75544,7.94107,1.7093,4.67744,7.431766,10.04414,0,14.8821,5.07832,1.556334,7.04021
0.856,,3.274,18.381,3.748,12.894,9.363,2.097,1.574,0.9486,5.029,4.6917,6.2268,10.6499,4.011,1.7135,6.74242274,12.44320499,21.12396256,3.61335,5.18755,6.422,1.7179,9.4999,10.2122,3.6898,7.36825,1.7147,4.6414,7.032166,9.7956,0,16.9497,4.96357,0.3897,10.3531
0.862,,3.135,16.602,3.605,14.362,9.279,2.077,1.548,1.22644,5.063,4.7888,4.8794,9.857,3.7669,2.1,6.62529579,9.86303436,17.66679442,3.631877,4.99248,6.5513,1.5535,9.1311,10.1526,3.6386,7.7408,1.7198,4.61445,6.31732,9.59008,0,21.5758,4.74389,0.36442,11.3575
0.868,,3.055,17.724,3.507,16.777,9.575,2.052,1.52,1.5397,5.033,4.911,3.0228,9.628,3.5529,2.5158,6.46094428,7.8662659,14.15697045,3.66327,4.8242,6.5415,1.37573,8.8209,10.3364,3.598,7.99342,1.7229,4.5988,6.104719,9.400069,0,56.3092,4.70914,1.72816,11.6774
0.874,,2.895,18.736,3.735,15.235,6.148,2.025,1.493,1.9066,5.004,5.0615,2.8063,9.2207,3.3607,2.606,6.34781454,7.07534257,19.3951225,3.7066,4.5826,5.9487,1.1702,8.47681,12.2666,3.568,8.12897,1.7276,4.59449,6.305358,9.275276,0,31.69906,4.72043,1.76085,14.6844
0.88,,2.733,18.299,4.04,15.237,4.131,2.001,1.464,1.9205,4.997,5.1846,2.642,9.1378,3.2111,2.669,6.37399536,6.61446553,15.25624557,3.74759,4.377,5.8508,1.5337,8.1198,9.91405,3.5537,7.9449,1.73107,4.6014,6.32385,9.17119,0,19.0805,4.703407,1.95047,10.796
0.886,,2.526,18.353,4.19,17.185,2.865,1.979,1.436,2.0669,4.979,5.1097,2.5036,9.122,3.1097,2.641,5.75440426,6.2723706,13.33470697,3.91676,4.347,5.5227,1.8675,7.813,9.01221,3.5468,7.98167,1.730632,4.61523,6.348607,9.21078,0,11.9758,4.73289,2.30275,11.3542
0.892,,2.374,22.682,4.463,16.95,2.339,1.955,1.407,2.0795,4.9043,4.9518,2.469,8.9034,3.05121,2.6998,5.36830317,5.46127734,11.6020838,4.03507,4.5895,5.4363,2.206,7.6161,8.08925,3.5443,7.93159,1.73029,4.62424,6.4849,9.7639,0,8.30375,4.79439,2.94828,10.1349
0.898,,2.271,37.199,4.73,17.019,2.281,1.938,1.38,2.20338,4.768,4.7867,2.4882,8.2124,3.1522,2.849,4.91720439,4.96302719,10.75751676,4.10807,4.5117,5.5871,2.565,7.4282,7.0152,3.5289,7.77201,1.727197,4.6254,6.63,9.6929,0,7.2586,5.27449,3.80263,10.9076
0.904,,2.133,22.612,5.507,16.457,2.243,1.916,1.353,2.3271,4.674,4.604,2.4515,8.177,3.1639,2.9284,4.75530492,3.6503167,10.21198048,4.13692,4.745,5.7397,3.468,7.2934,6.39403,3.5728,7.528336,1.72616,4.6179,6.75917,9.4351,0,6.7487,4.84662,5.212339,11.3687
0.91,,1.968,16.052,6.607,17.951,2.219,1.896,1.324,2.4596,4.5892,4.5337,2.3476,8.859,3.127,2.915,4.91080597,3.39251128,9.74097922,4.1582,6.0719,5.9999,3.5329,6.95833,5.94788,3.7029,7.82332,1.72564,4.56344,6.84198,8.99562,0,5.82758,4.8657,7.82379,9.5294
0.916,,1.877,13.008,8.846,31.527,2.204,1.876,1.303,2.548,4.497,4.5187,2.3893,9.8233,3.0708,2.923,4.97654745,3.37390493,11.70794345,4.24586,5.2227,6.2984,3.7868,6.7194,5.5886,3.7621,7.1067,1.7259,4.4276,7.0163,8.4751,0,4.5892,4.91333,9.87811,7.9289
0.922,,1.516,10.937,10.825,17.792,2.187,1.852,1.294,2.527,4.393,4.51713,2.6025,10.0598,3.113,2.9599,4.95036854,3.58242726,12.88374862,4.2026,5.3666,5.9587,4.3948,6.37114,5.3726,3.8286,6.8377,1.72676,4.32389,7.1691,7.88008,0,3.23554,4.9188,9.9687,7.38028
0.928,,1.32,10.303,11.659,13.991,2.168,1.827,1.293,2.6061,4.335,4.541288,2.8432,8.0584,3.2036,3.068,4.99311914,3.54046143,15.30894437,4.12299,5.5874,5.4618,5.35655,6.08426,5.1969,3.9006,6.65418,1.72807,4.25849,7.269,7.50053,0,2.32213,4.9847,11.0043,7.04816
0.934,,1.123,9.485,12.738,11.998,2.15,1.803,1.243,2.609,4.3327,4.83298,3.199,6.6917,3.32124,3.146,4.77819104,3.51608326,27.30968179,4.05534,6.6099,5.057,5.7698,5.80021,5.1646,3.9346,6.5533,1.72993,4.24112,7.2635,7.11247,0,2.506721,5.05586,12.6694,6.5657
0.94,,0.821,8.761,14.147,10.414,2.127,1.779,1.186,2.6198,4.3388,4.64244,4.0959,5.382,3.4687,3.136,4.55629394,4.11817327,39.4443638,3.9972,6.8818,5.0077,5.5396,5.5513,5.2656,3.95577,6.47529,1.73201,4.20759,7.6541,6.83565,0,2.61393,5.11816,15.61633,6.29801
0.946,,0.58,8.522,16.577,9.567,2.107,1.757,1.152,2.6425,4.40613,4.59615,4.9983,4.6556,3.787,3.0042,4.47850735,6.86457503,35.40960908,3.941,8.2208,5.0841,5.7162,5.3339,5.8918,3.9637,6.3597,1.7339,4.1727,8.05437,6.77738,0,2.75723,5.123,16.9138,6.16739
0.952,,0.564,8.82,19.251,8.926,2.077,1.737,1.121,2.7287,4.3984,4.779,5.6367,4.127,4.106,2.9222,4.47805217,10.24481895,29.88064387,3.8768,8.3024,5.11467,5.73627,5.1984,6.4318,3.95817,6.22388,1.7423,4.17625,8.3477,6.78684,0,2.9283,5.1605,14.6687,5.881598
0.958,,0.59,7.269,17.967,9.076,2.056,1.719,1.091,2.66,4.5023,4.789,6.101,3.666,4.9374,2.84,4.52868104,13.25384317,17.34763268,3.8345,8.23164,4.9444,6.19438,4.98221,7.1694,3.9388,6.1077,1.7508,4.4142,7.78095,6.729289,0,3.12433,5.18824,12.3842,5.784
0.964,,0.52,5.127,19.469,8.098,2.036,1.702,1.063,2.5761,4.5321,4.83814,6.3027,3.34884,5.5435,2.769,4.93533844,15.07821283,10.25125804,3.8911,8.7557,5.3957,6.73135,4.83411,7.551,3.91059,5.9973,1.7685,4.3307,7.2791,6.71546,0,3.504444,5.09355,11.7938,5.68574
0.97,,0.821,4.033,19.557,7.804,2.016,1.682,1.032,2.392,4.4284,4.9767,6.363,3.2601,5.9253,2.7701,5.05749,12.1668354,9.05125723,3.8861,9.2602,4.847,6.9164,4.54504,7.7482,3.87931,5.8924,1.77432,4.2428,7.34763,6.72879,0,4.33618,5.106,10.7398,5.6723
0.976,,1.952,3.716,19.793,7.901,1.995,1.654,0.999,2.346,4.4521,5.136,6.5074,3.0913,6.2248,2.7723,5.01178006,11.77795757,7.74037152,3.90606,9.4849,4.864,6.3959,4.29194,8.0037,3.845,5.79209,1.7801,4.1713,7.40925,6.7515,0,9.718223,5.1488,9.7201,5.8526
0.982,,4.48,4.134,20.417,8.03,1.971,1.622,0.971,2.297,4.6095,5.106,6.7127,3.0207,6.1245,2.768,5.64068411,10.87683906,5.94292853,3.86363,9.73721,4.963,6.2139,4.06646,7.684,3.8079,5.70265,1.77904,4.119,7.407858,6.94782,0,10.48538,5.19517,12.31193,5.92966
0.988,,7.892,3.979,22.587,5.598,1.948,1.592,0.956,2.157,4.7987,5.0288,7.022,2.91699,6.1437,2.7764,5.53352033,9.95987154,3.87803364,3.8183,9.78588,5.132,6.0958,3.8631,7.7073,3.7601,5.635852,1.773009,4.07834,7.2526,7.28506,0,8.55991,5.275,17.1558,5.96927
0.994,,9.995,3.792,57.69,4.283,1.927,1.568,0.931,2.123,5.0517,5.0377,7.353,2.7288,6.2356,2.807,6.20521235,9.5074334,2.32584754,3.74666,9.8823,5.356,6.30554,3.85077,7.3746,3.7017,5.5652,1.7624,4.0012618,7.08765,7.58136,0,7.119215,5.29199,14.4247,5.95256
1,,10.485,3.495,19.268,3.157,1.907,1.546,0.8817,2.091,5.1731,4.9917,7.6874,2.5331,6.4497,2.79212,7.12110423,9.58425737,2.11820029,3.6783,9.17777,5.581,6.4464,4.07631,7.708,3.6343,5.51566,1.74599,3.92526,6.9637,7.90808,0,6.557629,5.29339,12.2708,6.47464
,,,,,,,,,,,,,,,,,,,,,,,,,,,,,,,,,,,
,,,,,,,,,,,,,,,,,,,,,,,,,,,,,,,,,,,
,,,,,,,,,,,,,,,,,,,,,,,,,,,,,,,,,,,
,,,,,,,,,,,,,,,,,,,,,,,,,,,,,,,,,,,
,,,,,,,,,,,,,,,,,,,,,,,,,,,,,,,,,,,
,,,,,,,,,,,,,,,,,,,,,,,,,,,,,,,,,,,
,,,,,,,,,,,,,,,,,,,,,,,,,,,,,,,,,,,
,,,,,,,,,,,,,,,,,,,,,,,,,,,,,,,,,,,
,,,,,,,,,,,,,,,,,,,,,,,,,,,,,,,,,,,
,,,,,,,,,,,,,,,,,,,,,,,,,,,,,,,,,,,
,,,,,,,,,,,,,,,,,,,,,,,,,,,,,,,,,,,
,,,,,,,,,,,,,,,,,,,,,,,,,,,,,,,,,,,
,,,,,,,,,,,,,,,,,,,,,,,,,,,,,,,,,,,
,,,,,,,,,,,,,,,,,,,,,,,,,,,,,,,,,,,
,,,,,,,,,,,,,,,,,,,,,,,,,,,,,,,,,,,
,,,,,,,,,,,,,,,,,,,,,,,,,,,,,,,,,,,
,,,,,,,,,,,,,,,,,,,,,,,,,,,,,,,,,,,
,,,,,,,,,,,,,,,,,,,,,,,,,,,,,,,,,,,
,,,,,,,,,,,,,,,,,,,,,,,,,,,,,,,,,,,
,,,,,,,,,,,,,,,,,,,,,,,,,,,,,,,,,,,
,,,,,,,,,,,,,,,,,,,,,,,,,,,,,,,,,,,
,,,,,,,,,,,,,,,,,,,,,,,,,,,,,,,,,,,
,,,,,,,,,,,,,,,,,,,,,,,,,,,,,,,,,,,
,,,,,,,,,,,,,,,,,,,,,,,,,,,,,,,,,,,
,,,,,,,,,,,,,,,,,,,,,,,,,,,,,,,,,,,
,,,,,,,,,,,,,,,,,,,,,,,,,,,,,,,,,,,
,,,,,,,,,,,,,,,,,,,,,,,,,,,,,,,,,,,
,,,,,,,,,,,,,,,,,,,,,,,,,,,,,,,,,,,
,,,,,,,,,,,,,,,,,,,,,,,,,,,,,,,,,,,
,,,,,,,,,,,,,,,,,,,,,,,,,,,,,,,,,,,
,,,,,,,,,,,,,,,,,,,,,,,,,,,,,,,,,,,
,,,,,,,,,,,,,,,,,,,,,,,,,,,,,,,,,,,
,,,,,,,,,,,,,,,,,,,,,,,,,,,,,,,,,,,
,,,,,,,,,,,,,,,,,,,,,,,,,,,,,,,,,,,
,,,,,,,,,,,,,,,,,,,,,,,,,,,,,,,,,,,
,,,,,,,,,,,,,,,,,,,,,,,,,,,,,,,,,,,
,,,,,,,,,,,,,,,,,,,,,,,,,,,,,,,,,,,
,,,,,,,,,,,,,,,,,,,,,,,,,,,,,,,,,,,
,,,,,,,,,,,,,,,,,,,,,,,,,,,,,,,,,,,
,,,,,,,,,,,,,,,,,,,,,,,,,,,,,,,,,,,
,,,,,,,,,,,,,,,,,,,,,,,,,,,,,,,,,,,
,,,,,,,,,,,,,,,,,,,,,,,,,,,,,,,,,,,
,,,,,,,,,,,,,,,,,,,,,,,,,,,,,,,,,,,
,,,,,,,,,,,,,,,,,,,,,,,,,,,,,,,,,,,
,,,,,,,,,,,,,,,,,,,,,,,,,,,,,,,,,,,
,,,,,,,,,,,,,,,,,,,,,,,,,,,,,,,,,,,
,,,,,,,,,,,,,,,,,,,,,,,,,,,,,,,,,,,
,,,,,,,,,,,,,,,,,,,,,,,,,,,,,,,,,,,
,,,,,,,,,,,,,,,,,,,,,,,,,,,,,,,,,,,
,,,,,,,,,,,,,,,,,,,,,,,,,,,,,,,,,,,
,,,,,,,,,,,,,,,,,,,,,,,,,,,,,,,,,,,
,,,,,,,,,,,,,,,,,,,,,,,,,,,,,,,,,,,
,,,,,,,,,,,,,,,,,,,,,,,,,,,,,,,,,,,
,,,,,,,,,,,,,,,,,,,,,,,,,,,,,,,,,,,
,,,,,,,,,,,,,,,,,,,,,,,,,,,,,,,,,,,
,,,,,,,,,,,,,,,,,,,,,,,,,,,,,,,,,,,
,,,,,,,,,,,,,,,,,,,,,,,,,,,,,,,,,,,
,,,,,,,,,,,,,,,,,,,,,,,,,,,,,,,,,,,
,,,,,,,,,,,,,,,,,,,,,,,,,,,,,,,,,,,
,,,,,,,,,,,,,,,,,,,,,,,,,,,,,,,,,,,
,,,,,,,,,,,,,,,,,,,,,,,,,,,,,,,,,,,
,,,,,,,,,,,,,,,,,,,,,,,,,,,,,,,,,,,
,,,,,,,,,,,,,,,,,,,,,,,,,,,,,,,,,,,
,,,,,,,,,,,,,,,,,,,,,,,,,,,,,,,,,,,
,,,,,,,,,,,,,,,,,,,,,,,,,,,,,,,,,,,
,,,,,,,,,,,,,,,,,,,,,,,,,,,,,,,,,,,
,,,,,,,,,,,,,,,,,,,,,,,,,,,,,,,,,,,
,,,,,,,,,,,,,,,,,,,,,,,,,,,,,,,,,,,
,,,,,,,,,,,,,,,,,,,,,,,,,,,,,,,,,,,
,,,,,,,,,,,,,,,,,,,,,,,,,,,,,,,,,,,
,,,,,,,,,,,,,,,,,,,,,,,,,,,,,,,,,,,
,,,,,,,,,,,,,,,,,,,,,,,,,,,,,,,,,,,
,,,,,,,,,,,,,,,,,,,,,,,,,,,,,,,,,,,
,,,,,,,,,,,,,,,,,,,,,,,,,,,,,,,,,,,
,,,,,,,,,,,,,,,,,,,,,,,,,,,,,,,,,,,
,,,,,,,,,,,,,,,,,,,,,,,,,,,,,,,,,,,
,,,,,,,,,,,,,,,,,,,,,,,,,,,,,,,,,,,
,,,,,,,,,,,,,,,,,,,,,,,,,,,,,,,,,,,
,,,,,,,,,,,,,,,,,,,,,,,,,,,,,,,,,,,
,,,,,,,,,,,,,,,,,,,,,,,,,,,,,,,,,,,
,,,,,,,,,,,,,,,,,,,,,,,,,,,,,,,,,,,
,,,,,,,,,,,,,,,,,,,,,,,,,,,,,,,,,,,
,,,,,,,,,,,,,,,,,,,,,,,,,,,,,,,,,,,
,,,,,,,,,,,,,,,,,,,,,,,,,,,,,,,,,,,
,,,,,,,,,,,,,,,,,,,,,,,,,,,,,,,,,,,
,,,,,,,,,,,,,,,,,,,,,,,,,,,,,,,,,,,
,,,,,,,,,,,,,,,,,,,,,,,,,,,,,,,,,,,
,,,,,,,,,,,,,,,,,,,,,,,,,,,,,,,,,,,
,,,,,,,,,,,,,,,,,,,,,,,,,,,,,,,,,,,
,,,,,,,,,,,,,,,,,,,,,,,,,,,,,,,,,,,
,,,,,,,,,,,,,,,,,,,,,,,,,,,,,,,,,,,
,,,,,,,,,,,,,,,,,,,,,,,,,,,,,,,,,,,
,,,,,,,,,,,,,,,,,,,,,,,,,,,,,,,,,,,
,,,,,,,,,,,,,,,,,,,,,,,,,,,,,,,,,,,
,,,,,,,,,,,,,,,,,,,,,,,,,,,,,,,,,,,
,,,,,,,,,,,,,,,,,,,,,,,,,,,,,,,,,,,
,,,,,,,,,,,,,,,,,,,,,,,,,,,,,,,,,,,
,,,,,,,,,,,,,,,,,,,,,,,,,,,,,,,,,,,
,,,,,,,,,,,,,,,,,,,,,,,,,,,,,,,,,,,
,,,,,,,,,,,,,,,,,,,,,,,,,,,,,,,,,,,
,,,,,,,,,,,,,,,,,,,,,,,,,,,,,,,,,,,
,,,,,,,,,,,,,,,,,,,,,,,,,,,,,,,,,,,
,,,,,,,,,,,,,,,,,,,,,,,,,,,,,,,,,,,
,,,,,,,,,,,,,,,,,,,,,,,,,,,,,,,,,,,
,,,,,,,,,,,,,,,,,,,,,,,,,,,,,,,,,,,
,,,,,,,,,,,,,,,,,,,,,,,,,,,,,,,,,,,
,,,,,,,,,,,,,,,,,,,,,,,,,,,,,,,,,,,
,,,,,,,,,,,,,,,,,,,,,,,,,,,,,,,,,,,
,,,,,,,,,,,,,,,,,,,,,,,,,,,,,,,,,,,
,,,,,,,,,,,,,,,,,,,,,,,,,,,,,,,,,,,
,,,,,,,,,,,,,,,,,,,,,,,,,,,,,,,,,,,
,,,,,,,,,,,,,,,,,,,,,,,,,,,,,,,,,,,
,,,,,,,,,,,,,,,,,,,,,,,,,,,,,,,,,,,
,,,,,,,,,,,,,,,,,,,,,,,,,,,,,,,,,,,
,,,,,,,,,,,,,,,,,,,,,,,,,,,,,,,,,,,
,,,,,,,,,,,,,,,,,,,,,,,,,,,,,,,,,,,
,,,,,,,,,,,,,,,,,,,,,,,,,,,,,,,,,,,
,,,,,,,,,,,,,,,,,,,,,,,,,,,,,,,,,,,
,,,,,,,,,,,,,,,,,,,,,,,,,,,,,,,,,,,
,,,,,,,,,,,,,,,,,,,,,,,,,,,,,,,,,,,
,,,,,,,,,,,,,,,,,,,,,,,,,,,,,,,,,,,
,,,,,,,,,,,,,,,,,,,,,,,,,,,,,,,,,,,
,,,,,,,,,,,,,,,,,,,,,,,,,,,,,,,,,,,
,,,,,,,,,,,,,,,,,,,,,,,,,,,,,,,,,,,
,,,,,,,,,,,,,,,,,,,,,,,,,,,,,,,,,,,
,,,,,,,,,,,,,,,,,,,,,,,,,,,,,,,,,,,
,,,,,,,,,,,,,,,,,,,,,,,,,,,,,,,,,,,
,,,,,,,,,,,,,,,,,,,,,,,,,,,,,,,,,,,
,,,,,,,,,,,,,,,,,,,,,,,,,,,,,,,,,,,
,,,,,,,,,,,,,,,,,,,,,,,,,,,,,,,,,,,
,,,,,,,,,,,,,,,,,,,,,,,,,,,,,,,,,,,
,,,,,,,,,,,,,,,,,,,,,,,,,,,,,,,,,,,
,,,,,,,,,,,,,,,,,,,,,,,,,,,,,,,,,,,
,,,,,,,,,,,,,,,,,,,,,,,,,,,,,,,,,,,
,,,,,,,,,,,,,,,,,,,,,,,,,,,,,,,,,,,
,,,,,,,,,,,,,,,,,,,,,,,,,,,,,,,,,,,
,,,,,,,,,,,,,,,,,,,,,,,,,,,,,,,,,,,
,,,,,,,,,,,,,,,,,,,,,,,,,,,,,,,,,,,
,,,,,,,,,,,,,,,,,,,,,,,,,,,,,,,,,,,
,,,,,,,,,,,,,,,,,,,,,,,,,,,,,,,,,,,
,,,,,,,,,,,,,,,,,,,,,,,,,,,,,,,,,,,
,,,,,,,,,,,,,,,,,,,,,,,,,,,,,,,,,,,
,,,,,,,,,,,,,,,,,,,,,,,,,,,,,,,,,,,
,,,,,,,,,,,,,,,,,,,,,,,,,,,,,,,,,,,
,,,,,,,,,,,,,,,,,,,,,,,,,,,,,,,,,,,
,,,,,,,,,,,,,,,,,,,,,,,,,,,,,,,,,,,
,,,,,,,,,,,,,,,,,,,,,,,,,,,,,,,,,,,
,,,,,,,,,,,,,,,,,,,,,,,,,,,,,,,,,,,
,,,,,,,,,,,,,,,,,,,,,,,,,,,,,,,,,,,
,,,,,,,,,,,,,,,,,,,,,,,,,,,,,,,,,,,
,,,,,,,,,,,,,,,,,,,,,,,,,,,,,,,,,,,
,,,,,,,,,,,,,,,,,,,,,,,,,,,,,,,,,,,
,,,,,,,,,,,,,,,,,,,,,,,,,,,,,,,,,,,
,,,,,,,,,,,,,,,,,,,,,,,,,,,,,,,,,,,
,,,,,,,,,,,,,,,,,,,,,,,,,,,,,,,,,,,
,,,,,,,,,,,,,,,,,,,,,,,,,,,,,,,,,,,
,,,,,,,,,,,,,,,,,,,,,,,,,,,,,,,,,,,
,,,,,,,,,,,,,,,,,,,,,,,,,,,,,,,,,,,
,,,,,,,,,,,,,,,,,,,,,,,,,,,,,,,,,,,
,,,,,,,,,,,,,,,,,,,,,,,,,,,,,,,,,,,
,,,,,,,,,,,,,,,,,,,,,,,,,,,,,,,,,,,
,,,,,,,,,,,,,,,,,,,,,,,,,,,,,,,,,,,
,,,,,,,,,,,,,,,,,,,,,,,,,,,,,,,,,,,
,,,,,,,,,,,,,,,,,,,,,,,,,,,,,,,,,,,
,,,,,,,,,,,,,,,,,,,,,,,,,,,,,,,,,,,
,,,,,,,,,,,,,,,,,,,,,,,,,,,,,,,,,,,
,,,,,,,,,,,,,,,,,,,,,,,,,,,,,,,,,,,
,,,,,,,,,,,,,,,,,,,,,,,,,,,,,,,,,,,
,,,,,,,,,,,,,,,,,,,,,,,,,,,,,,,,,,,
,,,,,,,,,,,,,,,,,,,,,,,,,,,,,,,,,,,
,,,,,,,,,,,,,,,,,,,,,,,,,,,,,,,,,,,
,,,,,,,,,,,,,,,,,,,,,,,,,,,,,,,,,,,
,,,,,,,,,,,,,,,,,,,,,,,,,,,,,,,,,,,
,,,,,,,,,,,,,,,,,,,,,,,,,,,,,,,,,,,
,,,,,,,,,,,,,,,,,,,,,,,,,,,,,,,,,,,
,,,,,,,,,,,,,,,,,,,,,,,,,,,,,,,,,,,
,,,,,,,,,,,,,,,,,,,,,,,,,,,,,,,,,,,
,,,,,,,,,,,,,,,,,,,,,,,,,,,,,,,,,,,
,,,,,,,,,,,,,,,,,,,,,,,,,,,,,,,,,,,
,,,,,,,,,,,,,,,,,,,,,,,,,,,,,,,,,,,
,,,,,,,,,,,,,,,,,,,,,,,,,,,,,,,,,,,
,,,,,,,,,,,,,,,,,,,,,,,,,,,,,,,,,,,
,,,,,,,,,,,,,,,,,,,,,,,,,,,,,,,,,,,
,,,,,,,,,,,,,,,,,,,,,,,,,,,,,,,,,,,
,,,,,,,,,,,,,,,,,,,,,,,,,,,,,,,,,,,
,,,,,,,,,,,,,,,,,,,,,,,,,,,,,,,,,,,
,,,,,,,,,,,,,,,,,,,,,,,,,,,,,,,,,,,
,,,,,,,,,,,,,,,,,,,,,,,,,,,,,,,,,,,
,,,,,,,,,,,,,,,,,,,,,,,,,,,,,,,,,,,
,,,,,,,,,,,,,,,,,,,,,,,,,,,,,,,,,,,
,,,,,,,,,,,,,,,,,,,,,,,,,,,,,,,,,,,
,,,,,,,,,,,,,,,,,,,,,,,,,,,,,,,,,,,
,,,,,,,,,,,,,,,,,,,,,,,,,,,,,,,,,,,
,,,,,,,,,,,,,,,,,,,,,,,,,,,,,,,,,,,
,,,,,,,,,,,,,,,,,,,,,,,,,,,,,,,,,,,
,,,,,,,,,,,,,,,,,,,,,,,,,,,,,,,,,,,
,,,,,,,,,,,,,,,,,,,,,,,,,,,,,,,,,,,
,,,,,,,,,,,,,,,,,,,,,,,,,,,,,,,,,,,
,,,,,,,,,,,,,,,,,,,,,,,,,,,,,,,,,,,
,,,,,,,,,,,,,,,,,,,,,,,,,,,,,,,,,,,
,,,,,,,,,,,,,,,,,,,,,,,,,,,,,,,,,,,
,,,,,,,,,,,,,,,,,,,,,,,,,,,,,,,,,,,
,,,,,,,,,,,,,,,,,,,,,,,,,,,,,,,,,,,
,,,,,,,,,,,,,,,,,,,,,,,,,,,,,,,,,,,
,,,,,,,,,,,,,,,,,,,,,,,,,,,,,,,,,,,
,,,,,,,,,,,,,,,,,,,,,,,,,,,,,,,,,,,
,,,,,,,,,,,,,,,,,,,,,,,,,,,,,,,,,,,
,,,,,,,,,,,,,,,,,,,,,,,,,,,,,,,,,,,
,,,,,,,,,,,,,,,,,,,,,,,,,,,,,,,,,,,
,,,,,,,,,,,,,,,,,,,,,,,,,,,,,,,,,,,
,,,,,,,,,,,,,,,,,,,,,,,,,,,,,,,,,,,
,,,,,,,,,,,,,,,,,,,,,,,,,,,,,,,,,,,
,,,,,,,,,,,,,,,,,,,,,,,,,,,,,,,,,,,
,,,,,,,,,,,,,,,,,,,,,,,,,,,,,,,,,,,
,,,,,,,,,,,,,,,,,,,,,,,,,,,,,,,,,,,
